sku,nombre_comercial,descripcion,caracteristicas_json,fuente,imagen_principal,terminos_busqueda,verificado
JUGU092,Carro coleccionable estilo Jeep con camuflaje verde,"Carro coleccionable de estilo todoterreno, con carrocería de camuflaje verde, techo negro y rueda de repuesto posterior. Una pieza de apariencia robusta para complementar una colección de vehículos en miniatura.","{""Diseño de carro todoterreno estilo Jeep"": ""Diseño de carro todoterreno estilo Jeep"", ""Carrocería con estampado de camuflaje verde y negro"": ""Carrocería con estampado de camuflaje verde y negro"", ""Techo negro"": ""Techo negro"", ""Rueda de repuesto posterior"": ""Rueda de repuesto posterior""}",Fotografías propias CONECTATECH y base Sistema 593; trazabilidad verificada en importacion/contratos/JUGU092.json,imagenes/jugu092/original-c81fa00d6c05ea26.png,JUGU092 Camuflaje verde y negro Juguetes y Coleccionables,SI
SOPO023,Soporte plegable T8-04 para celular con base giratoria,"Mantén tu celular a la vista con el soporte de escritorio T8-04. Su estructura plegable permite ajustar la inclinación, mientras la base giratoria facilita orientar la pantalla. Una opción práctica para videollamadas, videos y consultas cotidianas en el escritorio. Accesorio genérico.","{""Modelo"": ""T8-04"", ""Tipo"": ""Soporte de escritorio metálico plegable"", ""Base"": ""Giratoria 360°"", ""Orientación del equipo"": ""Vertical u horizontal"", ""Color observado"": ""Gris oscuro""}",Fotografías propias CONECTATECH y base Sistema 593; trazabilidad verificada en importacion/contratos/SOPO023.json,imagenes/sopo023/original-859feab655ec853d.png,SOPO023 T8-04 Color: Gris oscuro Soportes y Accesorios,SI
SOPO060,Soporte de escritorio plegable T8-02 para celular y tablet,"Coloca tu celular o tablet en una posición cómoda con el soporte de mesa T8-02. Su estructura articulada permite regular la inclinación y plegarlo cuando necesitas guardarlo. Cuenta con apoyos inferiores y una zona acolchada de contacto para mantener el equipo colocado durante tus consultas, videos o videollamadas. Accesorio genérico; confirma el ajuste para tu dispositivo.","{""Modelo"": ""T8-02"", ""Tipo"": ""Soporte de escritorio metálico plegable"", ""Ajuste"": ""Estructura articulada para regular la inclinación"", ""Orientación del equipo"": ""Vertical u horizontal"", ""Color observado"": ""Gris oscuro"", ""Compatibilidad"": ""Celulares y tablets; confirmar ajuste para el equipo concreto""}",Fotografías propias CONECTATECH y base Sistema 593; trazabilidad verificada en importacion/contratos/SOPO060.json,imagenes/sopo060/original-69744612417a4dad.png,SOPO060 T8-02 Color: Gris oscuro Soportes y Accesorios,SI
SOPO009,Soporte de mesa Monster Coollife MC800 giratorio,"Dale un lugar cómodo a tu celular o tablet en el escritorio con el Monster Coollife MC800. Su base giratoria y estructura articulada permiten orientar la pantalla para consultar contenido, realizar videollamadas o trabajar. Incorpora zonas de apoyo y un diseño plegable que facilita guardarlo. Producto original, en la variante Green identificada en el empaque.","{""Modelo"": ""Monster Coollife MC800"", ""Color"": ""Green (verde)"", ""Tipo"": ""Soporte de escritorio plegable"", ""Base"": ""Giratoria 360°"", ""Material"": ""Aleación de aluminio y silicona"", ""Peso neto"": ""155 g"", ""Compatibilidad"": ""Celulares y tablets; comprobar el ajuste al tamaño del equipo""}",Fotografías propias CONECTATECH y base Sistema 593; trazabilidad verificada en importacion/contratos/SOPO009.json,imagenes/sopo009/original-e58984dde4991564.png,SOPO009 Monster Coollife MC800 Color: Green (verde) Soportes y Accesorios,SI
JUGU133,Camioneta SUV de colección con diseño todoterreno,"Camioneta de colección con carrocería de líneas rectas, neumáticos de aspecto todoterreno y detalles de cabina. Una pieza de presencia robusta para exhibir junto a otros vehículos en miniatura.","{""Carrocería SUV de cuatro puertas"": ""Carrocería SUV de cuatro puertas"", ""Diseño de neumáticos todoterreno"": ""Diseño de neumáticos todoterreno"", ""Barras superiores de techo"": ""Barras superiores de techo"", ""Colores fotografiados: negro y gris; consultar color disponible"": ""Colores fotografiados: negro y gris; consultar color disponible""}",Fotografías propias CONECTATECH y base Sistema 593; trazabilidad verificada en importacion/contratos/JUGU133.json,imagenes/jugu133/original-f9f34f21032e38e5.png,JUGU133 Negro y gris observados bajo el mismo SKU Juguetes y Coleccionables,SI
JUGU042,Minibús de colección estilo combi con detalle de tabla,Miniatura de estilo combi con carrocería bicolor y una tabla decorativa sobre el techo. Su diseño viajero aporta variedad a una colección de vehículos clásicos.,"{""Carrocería de minibús estilo combi"": ""Carrocería de minibús estilo combi"", ""Detalle de tabla sobre el techo"": ""Detalle de tabla sobre el techo"", ""Diseño bicolor"": ""Diseño bicolor"", ""Dos combinaciones de color fotografiadas; consultar disponibilidad"": ""Dos combinaciones de color fotografiadas; consultar disponibilidad""}",Fotografías propias CONECTATECH y base Sistema 593; trazabilidad verificada en importacion/contratos/JUGU042.json,imagenes/jugu042/original-23c3ae0b8756156b.png,JUGU042 Verde/blanco y azul/rojo observados bajo el mismo SKU Juguetes y Coleccionables,SI
JUGU075,Camioneta pickup clásica de colección color verde,"Camioneta pickup de inspiración clásica, con cabina verde y guardabarros oscuros. Los detalles de su carrocería y la cubierta posterior de apariencia rústica crean una pieza atractiva para exhibición.","{""Diseño de pickup clásica"": ""Diseño de pickup clásica"", ""Cabina verde y guardabarros oscuros"": ""Cabina verde y guardabarros oscuros"", ""Cubierta posterior con acabado visual de vetas"": ""Cubierta posterior con acabado visual de vetas"", ""Parachoques y aros de acabado plateado"": ""Parachoques y aros de acabado plateado""}",Fotografías propias CONECTATECH y base Sistema 593; trazabilidad verificada en importacion/contratos/JUGU075.json,imagenes/jugu075/original-a1e9530f0f901496.png,JUGU075 Verde con guardabarros oscuros Juguetes y Coleccionables,SI
JUGU104,Van de colección blanca con portaequipaje,"Van de colección con carrocería blanca, gráficos decorativos y portaequipaje de techo. El diseño aventurero y los detalles visibles del interior aportan personalidad a esta miniatura.","{""Carrocería de van blanca"": ""Carrocería de van blanca"", ""Gráficos decorativos azules y amarillos"": ""Gráficos decorativos azules y amarillos"", ""Portaequipaje sobre el techo"": ""Portaequipaje sobre el techo"", ""Asientos interiores visibles"": ""Asientos interiores visibles""}",Fotografías propias CONECTATECH y base Sistema 593; trazabilidad verificada en importacion/contratos/JUGU104.json,imagenes/jugu104/original-96c4a7cfe964dc45.png,JUGU104 Blanco con detalles azules y amarillos Juguetes y Coleccionables,SI
JUGU088,Carro deportivo de colección con alerón,"Carro de colección con carrocería deportiva, alerón posterior y aros oscuros. Su estilo de cupé y los detalles visibles del interior lo convierten en una pieza vistosa para exhibición.","{""Carrocería de estilo cupé deportivo"": ""Carrocería de estilo cupé deportivo"", ""Alerón posterior"": ""Alerón posterior"", ""Aros de color oscuro"": ""Aros de color oscuro"", ""Colores blanco y rojo fotografiados; consultar color disponible"": ""Colores blanco y rojo fotografiados; consultar color disponible""}",Fotografías propias CONECTATECH y base Sistema 593; trazabilidad verificada en importacion/contratos/JUGU088.json,imagenes/jugu088/original-c8695778fd21e082.png,JUGU088 Blanco y rojo observados bajo el mismo SKU Juguetes y Coleccionables,SI
JUGU095,Camioneta de colección estilo todoterreno azul,"Camioneta de colección de estilo todoterreno, con carrocería azul y gráficos decorativos. Su defensa frontal y el equipamiento visual de techo destacan en una colección de vehículos de aventura.","{""Carrocería azul con decoración amarilla"": ""Carrocería azul con decoración amarilla"", ""Defensa frontal"": ""Defensa frontal"", ""Diseño de neumáticos todoterreno"": ""Diseño de neumáticos todoterreno"", ""Detalles de equipamiento sobre el techo"": ""Detalles de equipamiento sobre el techo""}",Fotografías propias CONECTATECH y base Sistema 593; trazabilidad verificada en importacion/contratos/JUGU095.json,imagenes/jugu095/original-a1a03072f4406631.png,JUGU095 Azul con gráficos amarillos Juguetes y Coleccionables,SI
JUGU134,Carro deportivo de colección tornasol con puertas abatibles,"Miniatura deportiva con acabado tornasol y alerón posterior. Las fotografías muestran puertas abiertas y compartimentos de la carrocería, detalles que permiten apreciar el interior de esta pieza de colección.","{""Acabado tornasol multicolor"": ""Acabado tornasol multicolor"", ""Alerón posterior"": ""Alerón posterior"", ""Puertas abiertas visibles en las fotografías"": ""Puertas abiertas visibles en las fotografías"", ""Vista posterior con compartimento abierto"": ""Vista posterior con compartimento abierto""}",Fotografías propias CONECTATECH y base Sistema 593; trazabilidad verificada en importacion/contratos/JUGU134.json,imagenes/jugu134/original-6b1a81cc38a97df0.png,JUGU134 Tornasol multicolor Juguetes y Coleccionables,SI
JUGU116,Carro deportivo de colección púrpura con alerón,"Miniatura deportiva de color púrpura con alerón posterior prominente y aros oscuros. Las tomas reales permiten apreciar la cabina y las piezas abiertas de la carrocería, creando una presentación llamativa para colección.","{""Carrocería deportiva púrpura"": ""Carrocería deportiva púrpura"", ""Alerón posterior negro"": ""Alerón posterior negro"", ""Aros oscuros de múltiples radios"": ""Aros oscuros de múltiples radios"", ""Piezas abiertas de la carrocería visibles en las fotos"": ""Piezas abiertas de la carrocería visibles en las fotos""}",Fotografías propias CONECTATECH y base Sistema 593; trazabilidad verificada en importacion/contratos/JUGU116.json,imagenes/jugu116/original-552200db73eaf544.png,JUGU116 Púrpura con detalles negros Juguetes y Coleccionables,SI
JUGU036,Carro de colección estilo pichirilo celeste y naranja,"Miniatura de carro clásico estilo pichirilo, con combinación celeste y naranja y número decorativo 67. Sus formas redondeadas y detalles de acabado aportan un toque retro a una colección.","{""Carrocería clásica redondeada estilo pichirilo"": ""Carrocería clásica redondeada estilo pichirilo"", ""Combinación celeste y naranja"": ""Combinación celeste y naranja"", ""Número decorativo 67"": ""Número decorativo 67"", ""Parachoques y aros de acabado plateado"": ""Parachoques y aros de acabado plateado""}",Fotografías propias CONECTATECH y base Sistema 593; trazabilidad verificada en importacion/contratos/JUGU036.json,imagenes/jugu036/original-6ca0969b872ceb51.png,JUGU036 Celeste y naranja Juguetes y Coleccionables,SI
