prioridad,sku,producto,stock_referencia,promo_contado_referencia,estado_foto
1,TELF020,"Telefono Redmi 15 256GB 8GB+8GB",3,235.9,PENDIENTE
2,TELF037,"Telefono Redmi Note 17 256GB 6GB+6GB",3,269.91,PENDIENTE
3,TELF022,"Telefono Redmi A7 PRO 128GB 4GB+4GB",2,145.9,PENDIENTE
4,TELF036,"Telefono Redmi Note 15 PRO 512GB 12GB+12GB",2,395.9,PENDIENTE
5,TELF025,"Telefono Tecno Spark GO 3 64GB 4GB+4GB",2,125.9,PENDIENTE
6,TELF027,"Telefono ZTE A35E 64GB 2GB+4GB",2,105.9,PENDIENTE
7,TELF004,"Telefono ZTE V80 MAX 256GB 8GB+12GB",2,179.89,PENDIENTE
8,TELF023,"Telefono Honor X5C 128GB 4GB+4GB",1,145.9,PENDIENTE
9,TELF024,"Telefono Honor X5C Plus 256GB 4GB+4GB",1,159.9,PENDIENTE
10,TABL001,"Tablet Redmi PAD 2 11 Pulgadas 128GB 4GB+4GB",4,215.9,PENDIENTE
11,TABL003,"TABLET REDMI PAD 2 9.7 PULGADAS 128GB 4GB+4GB",2,195.9,PENDIENTE
12,TABL002,"Tablet Redmi PAD 2 11 Pulgadas 256GB 8GB+8GB",1,265.9,PENDIENTE
13,AUDI111,"AUDIFONOS INALAMBRICOS AIRPODS",50,15,PENDIENTE
14,AUDI044,"Audifonos Galaxy Buds PRO AKG",17,29,PENDIENTE
15,AUDI125,"Audifonos Inalambricos LMN-K5",10,16.55,PENDIENTE
16,REL069,"Reloj Smartwatch Series 11 Mini",16,19.9,PENDIENTE
17,REL065,"Reloj Smartwatch S11 PRO",6,11.99,PENDIENTE
18,REL046,"Reloj Smarwatch Infinix H4",12,39,PENDIENTE
19,CARG018,"Cargador Para Vehiculo 4 Puertos Usb-a Match",22,7.5,PENDIENTE
20,CARG029,"Cargador IPH 14PM 25W Usb-c A Lightning",21,18,PENDIENTE
