id,title,description,availability,condition,price,link,image_link,brand
"TELF001","Telefono ZTE A56 PRO 128GB","Telefono ZTE A56 PRO 128GB","in stock","new","133.89 USD","https://conectatech-ec.github.io/productos/telf001-telefono-zte-a56-pro-128gb/","https://advance.com.ec/web/image/product.template/3552/image_1920?unique=42c8e56","ZTE"
"TELF017","Telefono Redmi 15C 128GB 4GB+4GB","Telefono Redmi 15C 128GB 4GB+4GB","in stock","new","159.90 USD","https://conectatech-ec.github.io/productos/telf017-telefono-redmi-15c-128gb-4gb-4gb/","https://i02.appmifile.com/mi-com-product/fly-birds/redmi-15c/m/pc/66f0fcf67b87d398ddf8ebba047d2a91.png","Xiaomi"
"TELF018","Telefono Redmi 15C 256GB 4GB+4GB","Telefono Redmi 15C 256GB 4GB+4GB","in stock","new","175.90 USD","https://conectatech-ec.github.io/productos/telf018-telefono-redmi-15c-256gb-4gb-4gb/","https://i02.appmifile.com/mi-com-product/fly-birds/redmi-15c/m/pc/66f0fcf67b87d398ddf8ebba047d2a91.png","Xiaomi"
"TELF019","Telefono Redmi 15C 256GB 8GB+8GB","Telefono Redmi 15C 256GB 8GB+8GB","in stock","new","185.90 USD","https://conectatech-ec.github.io/productos/telf019-telefono-redmi-15c-256gb-8gb-8gb/","https://i02.appmifile.com/mi-com-product/fly-birds/redmi-15c/m/pc/66f0fcf67b87d398ddf8ebba047d2a91.png","Xiaomi"
"TELF011","Telefono Samsung A17 4GB+128GB","Telefono Samsung A17 4GB+128GB","in stock","new","185.90 USD","https://conectatech-ec.github.io/productos/telf011-telefono-samsung-a17-4gb-128gb/","https://shop.samsung.com/latin/ecu/pub/media/catalog/product/s/m/sm-a175_galaxy-a17_lte_00.png","Samsung"
"TELF012","Telefono Samsung A17 8GB+256GB","Telefono Samsung A17 8GB+256GB","in stock","new","239.90 USD","https://conectatech-ec.github.io/productos/telf012-telefono-samsung-a17-8gb-256gb/","https://shop.samsung.com/latin/ecu/pub/media/catalog/product/s/m/sm-a175_galaxy-a17_lte_00.png","Samsung"
"CARG016","Cargador BATEN CX-305 PD 25 W con cable USB-C","Una opción práctica para cargar tus equipos USB-C en casa o en el trabajo. El BATEN CX-305 ofrece Power Delivery de hasta 25 W e incluye un cable USB-C a USB-C de 1 metro. Su formato compacto permite llevar el cargador y el cable juntos. Para aprovechar la carga rápida, el equipo debe ser compatible con Power Delivery; la potencia recibida depende del dispositivo.","in stock","new","14.00 USD","https://conectatech-ec.github.io/productos/carg016-cargador-baten-25w-cx-305/","https://conectatech-ec.github.io/imagenes/carg016/original-4d0c7f08a91ccca0.jpg","BATEN"
"CARG050","Cargador para carro Klip Xtreme PowerCar 60 · 60 W","Mantén tus equipos cargados durante el trayecto. El PowerCar 60 reúne dos puertos USB-C Power Delivery y un USB-A QC 3.0 para conectar hasta tres dispositivos. Ofrece hasta 60 W combinados con los dos USB-C; al utilizar los tres puertos, la potencia máxima combinada es de 45 W. La velocidad de carga depende del dispositivo y del cable utilizados.","in stock","new","17.30 USD","https://conectatech-ec.github.io/productos/carg050-cargador-para-vehiculo-60w-klipxtreme-powercar-060/","https://conectatech-ec.github.io/imagenes/carg050/original-2198e76769db1a1e.png","Klip Xtreme"
"MICR27","Micrófono USB JBL Quantum Stream","Prepara tu espacio para streaming, podcasts y videollamadas con el JBL Quantum Stream. Selecciona el patrón cardioide para enfocar una voz o el omnidireccional para captar varias personas. Sus dos cápsulas de condensador permiten grabar hasta 96 kHz/24 bits. Incluye control de silencio con indicador RGB y monitoreo por audífonos para seguir tu voz mientras grabas.","in stock","new","102.01 USD","https://conectatech-ec.github.io/productos/micr27-microfono-jbl-quantum-stream/","https://conectatech-ec.github.io/imagenes/micr27/original-d60ce341f1dd1351.jpg","JBL"
