sku,autenticidad,presentacion,instrucciones,evidencia_autenticidad
AROD001,,sin caja,,
AUDI044,,sin caja,,
AUDI125,,sin caja,,
AUDI115,,sin caja,,
CORR001,,sin caja,,
LECT001,,sin caja,,
REL069,,sin caja,,
TELF001,,sin caja,,
ADAP054,,sin caja,,
ADAP052,,sin caja,,
ADAP004,,sin caja,,
ADAP005,,sin caja,,
ADAP034,,sin caja,,
CABL139,,sin caja,,
CABL102,,sin caja,,
CABL140,,sin caja,,
CABL031,,sin caja,,
CABL113,,sin caja,,
CARG037,,sin caja,,
CARG029,,sin caja,,
CARG018,,sin caja,,
COBE005,,sin caja,,
COBE004,,sin caja,,
ESTU010,,sin caja,,
ESTU011,,sin caja,,
ESTU056,,sin caja,,
ESTU077,,sin caja,,
ESTU069,,sin caja,,
ESTU048,,sin caja,,
ESTU047,,sin caja,,
ESTU050,,sin caja,,
FOCO003,,sin caja,,
GADG002,,sin caja,,
GADG003,,sin caja,,
JUGU043,,sin caja,,
JUGU039,,sin caja,,
JUGU080,,sin caja,,
JUGU003,,sin caja,,
JUGU092,,sin caja,,
JUGU034,,sin caja,,
JUGU054,,sin caja,,
JUGU029,,sin caja,,
MICA016,,sin caja,,
MICA013,,sin caja,,
MICA001,,sin caja,,
MICA003,,sin caja,,
MICA002,,sin caja,,
MICA004,,sin caja,,
MICA006,,sin caja,,
MICA005,,sin caja,,
MICA012,,sin caja,,
MICA009,,sin caja,,
MOUS029,,sin caja,,
PAD001,,sin caja,,
PILA049,,sin caja,,
PILA075,,sin caja,,
PILA055,,sin caja,,
PILA048,,sin caja,,
PILA042,,sin caja,,
PILA040,,sin caja,,
PILA010,,sin caja,,
PILA011,,sin caja,,
PILA013,,sin caja,,
PILA072,,sin caja,,
PILA054,,sin caja,,
PILA074,,sin caja,,
PILA071,,sin caja,,
PILA033,,sin caja,,
PILA060,,sin caja,,
PILA017,,sin caja,,
PILA019,,sin caja,,
PILA021,,sin caja,,
PILA022,,sin caja,,
PILA052,,sin caja,,
PILA062,,sin caja,,
PILA038,,sin caja,,
PILA036,,sin caja,,
PILA037,,sin caja,,
PILA059,,sin caja,,
PILA057,,sin caja,,
PILA056,,sin caja,,
PILA050,,sin caja,,
PILA069,,sin caja,,
PILA027,,sin caja,,
PILA026,,sin caja,,
PROT001,,sin caja,,
PROT003,,sin caja,,
REL043,,sin caja,,
REL032,,sin caja,,
REL046,,sin caja,,
SOPO023,,sin caja,,
STYL005,,sin caja,,
TRIP026,,sin caja,,
ADAP028,,sin caja,,
ADAP031,,sin caja,,
ADAP030,,sin caja,,
ADAP049,,sin caja,,
ADAP051,,sin caja,,
AUDI123,,sin caja,,
ANTE002,,sin caja,,
ANTE001,,sin caja,,
AUDI002,,sin caja,,
AUDI003,,sin caja,,
AUDI094,,sin caja,,
AUDI001,,sin caja,,
AUDI004,,sin caja,,
AUDI008,,sin caja,,
AUDI009,,sin caja,,
AUDI097,,sin caja,,
AUDI045,,sin caja,,
AUDI120,,sin caja,,
AUDI039,,sin caja,,
AUDI046,,sin caja,,
AUDI117,,sin caja,,
AUDI038,,sin caja,,
AUDI116,,sin caja,,
AUDI012,,sin caja,,
AUDI076,,sin caja,,
AUDI108,,sin caja,,
AUDI091,,sin caja,,
AUDI107,,sin caja,,
AUDI085,,sin caja,,
AUDI090,,sin caja,,
AUDI119,,sin caja,,
AUDI104,,sin caja,,
AUDI081,,sin caja,,
AUDI096,,sin caja,,
AUDI037,,sin caja,,
AUDI114,,sin caja,,
AUDI064,,sin caja,,
AUDI047,,sin caja,,
AUDI089,,sin caja,,
AUDI016,,sin caja,,
AUDI100,,sin caja,,
AUDI080,,sin caja,,
AUDI072,,sin caja,,
AUDI057,,sin caja,,
AUDI095,,sin caja,,
AUDI005,,sin caja,,
AUDI007,,sin caja,,
AUDI101,,sin caja,,
AUDI053,,sin caja,,
AUDI082,,sin caja,,
AUDI049,,sin caja,,
AUDI106,,sin caja,,
AUDI088,,sin caja,,
AUDI042,,sin caja,,
AUDI061,,sin caja,,
AUDI069,,sin caja,,
AUDI063,,sin caja,,
AUDI062,,sin caja,,
AUDI099,,sin caja,,
AUDI083,,sin caja,,
AUDI015,,sin caja,,
AUDI073,,sin caja,,
AUDI041,,sin caja,,
AUDI086,,sin caja,,
AUDI034,,sin caja,,
AUDI028,,sin caja,,
AUDI118,,sin caja,,
AUDI067,,sin caja,,
AUDI066,,sin caja,,
AUDI122,,sin caja,,
AUDI017,,sin caja,,
AUDI074,,sin caja,,
AUDI020,,sin caja,,
AUDI025,,sin caja,,
AUDI065,,sin caja,,
AUDI098,,sin caja,,
AUDI018,,sin caja,,
AUDI026,,sin caja,,
AUDI124,,sin caja,,
AUDI103,,sin caja,,
AUDI093,,sin caja,,
AUDI113,,sin caja,,
AUDI055,,sin caja,,
AUDI110,,sin caja,,
AUDI036,,sin caja,,
CABL132,,sin caja,,
CABL070,,sin caja,,
CABL161,,sin caja,,
CABL012,,sin caja,,
CAPT003,,sin caja,,
CAPT004,,sin caja,,
CARG066,,sin caja,,
CARG061,,sin caja,,
CASE003,,sin caja,,
CASE002,,sin caja,,
CONT001,,sin caja,,
CONT004,,sin caja,,
CORR009,,sin caja,,
CORR003,,sin caja,,
CORR004,,sin caja,,
CORR005,,sin caja,,
CORR006,,sin caja,,
CORR008,,sin caja,,
DISC005,,sin caja,,
DISC003,,sin caja,,
DISC009,,sin caja,,
DISC004,,sin caja,,
TVBO010,,sin caja,,
TVBO007,,sin caja,,
FLAS005,,sin caja,,
FLAS035,,sin caja,,
FLAS038,,sin caja,,
FLAS031,,sin caja,,
FLAS013,,sin caja,,
FLAS037,,sin caja,,
FLAS014,,sin caja,,
FLAS004,,sin caja,,
FLAS016,,sin caja,,
FLAS021,,sin caja,,
FLAS034,,sin caja,,
FLAS017,,sin caja,,
FLAS027,,sin caja,,
FLAS003,,sin caja,,
FLAS023,,sin caja,,
FLAS009,,sin caja,,
FLAS032,,sin caja,,
FLAS008,,sin caja,,
FLAS022,,sin caja,,
FLAS036,,sin caja,,
FLAS033,,sin caja,,
FLAS024,,sin caja,,
FUND006,,sin caja,,
JUGU166,,sin caja,,
JUGU129,,sin caja,,
JUGU141,,sin caja,,
JUGU097,,sin caja,,
LECT002,,sin caja,,
MICR01,,sin caja,,
MICR07,,sin caja,,
MICR19,,sin caja,,
MONI002,,sin caja,,
MONI004,,sin caja,,
MONI005,,sin caja,,
PARL011,,sin caja,,
PARL040,,sin caja,,
PARL032,,sin caja,,
PARL041,,sin caja,,
PARL038,,sin caja,,
PARL016,,sin caja,,
PARL037,,sin caja,,
PARL001,,sin caja,,
PARL031,,sin caja,,
PARL029,,sin caja,,
PARL020,,sin caja,,
PARL042,,sin caja,,
PARL002,,sin caja,,
PARL003,,sin caja,,
PARL043,,sin caja,,
PARL028,,sin caja,,
PARL035,,sin caja,,
PARL022,,sin caja,,
PARL013,,sin caja,,
PARL026,,sin caja,,
PARL025,,sin caja,,
PARL044,,sin caja,,
PARL039,,sin caja,,
PARL006,,sin caja,,
PARL033,,sin caja,,
PARL009,,sin caja,,
PARL034,,sin caja,,
PILA066,,sin caja,,
PILA065,,sin caja,,
PILA063,,sin caja,,
PILA064,,sin caja,,
PILA044,,sin caja,,
PILA045,,sin caja,,
POWE020,,sin caja,,
RADI003,,sin caja,,
RADI002,,sin caja,,
RADI001,,sin caja,,
REL012,,sin caja,,
REL071,,sin caja,,
REL006,,sin caja,,
REL067,,sin caja,,
REL011,,sin caja,,
REL068,,sin caja,,
REL063,,sin caja,,
REL034,,sin caja,,
REL023,,sin caja,,
REL036,,sin caja,,
REL070,,sin caja,,
REL062,,sin caja,,
REL060,,sin caja,,
REL013,,sin caja,,
REL033,,sin caja,,
REL014,,sin caja,,
REL050,,sin caja,,
REL040,,sin caja,,
REL041,,sin caja,,
REL065,,sin caja,,
REL038,,sin caja,,
REL016,,sin caja,,
REL059,,sin caja,,
REL031,,sin caja,,
REL066,,sin caja,,
REL057,,sin caja,,
REL017,,sin caja,,
SOPO009,,sin caja,,
SOPO039,,sin caja,,
SOPO046,,sin caja,,
SOPO012,,sin caja,,
SOPO044,,sin caja,,
SOPO011,,sin caja,,
SOPO007,,sin caja,,
SOPO060,,sin caja,,
SOPO048,,sin caja,,
SOPO035,,sin caja,,
SOPO033,,sin caja,,
SOPO034,,sin caja,,
SOPO047,,sin caja,,
SOPO042,,sin caja,,
TVBO006,,sin caja,,
TVBO005,,sin caja,,
TVBO008,,sin caja,,
TVBO001,,sin caja,,
TVBO002,,sin caja,,
TVBO004,,sin caja,,
TABL004,,sin caja,,
TABL001,,sin caja,,
TABL002,,sin caja,,
TARJ013,,sin caja,,
TARJ019,,sin caja,,
TARJ017,,sin caja,,
TARJ018,,sin caja,,
TARJ016,,sin caja,,
TARJ015,,sin caja,,
TARJ002,,sin caja,,
TARJ006,,sin caja,,
TARJ004,,sin caja,,
TARJ014,,sin caja,,
TARJ005,,sin caja,,
TARJ001,,sin caja,,
TARJ003,,sin caja,,
TARJ010,,sin caja,,
TARJ012,,sin caja,,
TARJ008,,sin caja,,
TARJ007,,sin caja,,
TECL012,,sin caja,,
TELF023,,sin caja,,
TELF024,,sin caja,,
TELF034,,sin caja,,
TELF008,,sin caja,,
TELF013,,sin caja,,
TELF020,,sin caja,,
TELF017,,sin caja,,
TELF018,,sin caja,,
TELF019,,sin caja,,
TELF022,,sin caja,,
TELF036,,sin caja,,
TELF037,,sin caja,,
TELF010,,sin caja,,
TELF011,,sin caja,,
TELF012,,sin caja,,
TELF015,,sin caja,,
TELF026,,sin caja,,
TELF025,,sin caja,,
TELF027,,sin caja,,
TELF002,,sin caja,,
TELF003,,sin caja,,
TELF004,,sin caja,,
TELE001,,sin caja,,
TELE003,,sin caja,,
TERM001,,sin caja,,
TRIP014,,sin caja,,
AROD02,,sin caja,,
ADAP053,,sin caja,,
ADAP086,,sin caja,,
ADAP045,,sin caja,,
ADAP036,,sin caja,,
ADAP035,,sin caja,,
ADAP069,,sin caja,,
ADAP039,,sin caja,,
ADAP038,,sin caja,,
ADAP057,,sin caja,,
ADAP059,,sin caja,,
ADAP029,,sin caja,,
ADAP037,,sin caja,,
ADAP040,,sin caja,,
ADAP050,,sin caja,,
ADAP002,,sin caja,,
ADAP032,,sin caja,,
ADAP033,,sin caja,,
ADAP084,,sin caja,,
ADAP085,,sin caja,,
ADAP082,,sin caja,,
ADAP083,,sin caja,,
ADAP075,,sin caja,,
ADAP097,,sin caja,,
ADAP056,,sin caja,,
ADAP073,,sin caja,,
ADAP007,,sin caja,,
ADAP065,,sin caja,,
ADAP027,,sin caja,,
ADAP068,,sin caja,,
ADAP046,,sin caja,,
ADAP009,,sin caja,,
ADAP011,,sin caja,,
ADAP058,,sin caja,,
ADAP080,,sin caja,,
ADAP089,,sin caja,,
ADAP017,,sin caja,,
ADAP016,,sin caja,,
ADAP071,,sin caja,,
ADAP063,,sin caja,,
ADAP060,,sin caja,,
ADAP081,,sin caja,,
ADAP066,,sin caja,,
ADAP061,,sin caja,,
ADAP025,,sin caja,,
ADAP024,,sin caja,,
ADAP076,,sin caja,,
ADAP077,,sin caja,,
ADAP018,,sin caja,,
ADAP070,,sin caja,,
ADAP026,,sin caja,,
ADAP022,,sin caja,,
ADAP023,,sin caja,,
ADAP072,,sin caja,,
ADAP047,,sin caja,,
ADAP067,,sin caja,,
ADAP087,,sin caja,,
ADAP062,,sin caja,,
ADAP019,,sin caja,,
ADAP012,,sin caja,,
ADAP020,,sin caja,,
ADAP014,,sin caja,,
ADAP064,,sin caja,,
ADAP042,,sin caja,,
ADAP099,,sin caja,,
ADAP043,,sin caja,,
ADAP044,,sin caja,,
AIRT002,,sin caja,,
AIRT004,,sin caja,,
AIRT001,,sin caja,,
AIRT003,,sin caja,,
ALEX004,,sin caja,,
ALEX001,,sin caja,,
ALEX002,,sin caja,,
BAL001,,sin caja,,
BAL002,,sin caja,,
BARR002,,sin caja,,
BASE005,,sin caja,,
BASE003,,sin caja,,
BASE004,,sin caja,,
BASE006,,sin caja,,
BASE002,,sin caja,,
BILL004,,sin caja,,
BILL008,,sin caja,,
BILL006,,sin caja,,
BILL002,,sin caja,,
BINO001,,sin caja,,
BRAZ001,,sin caja,,
CARP001,,sin caja,,
CABL087,,sin caja,,
CABL086,,sin caja,,
CABL049,,sin caja,,
CABL090,,sin caja,,
CABL001,,sin caja,,
CABL002,,sin caja,,
CABL053,,sin caja,,
CABL054,,sin caja,,
CABL055,,sin caja,,
CABL056,,sin caja,,
CABL050,,sin caja,,
CABL051,,sin caja,,
CABL006,,sin caja,,
CABL079,,sin caja,,
CABL098,,sin caja,,
CABL067,,sin caja,,
CABL080,,sin caja,,
CABL078,,sin caja,,
CABL072,,sin caja,,
CABL100,,sin caja,,
CABL060,,sin caja,,
CABL059,,sin caja,,
CABL013,,sin caja,,
CABL014,,sin caja,,
CABL116,,sin caja,,
CABL118,,sin caja,,
CABL117,,sin caja,,
CABL057,,sin caja,,
CABL121,,sin caja,,
CABL120,,sin caja,,
CABL018,,sin caja,,
CABL163,,sin caja,,
CABL017,,sin caja,,
CABL016,,sin caja,,
CABL015,,sin caja,,
CABL164,,sin caja,,
CABL169,,sin caja,,
CABL130,,sin caja,,
CABL133,,sin caja,,
CABL146,,sin caja,,
CABL147,,sin caja,,
CABL167,,sin caja,,
CABL019,,sin caja,,
CABL126,,sin caja,,
CABL168,,sin caja,,
CABL134,,sin caja,,
CABL135,,sin caja,,
CABL082,,sin caja,,
CABL042,,sin caja,,
CABL039,,sin caja,,
CABL041,,sin caja,,
CABL127,,sin caja,,
CABL123,,sin caja,,
CABL124,,sin caja,,
CABL115,,sin caja,,
CABL076,,sin caja,,
CABL114,,sin caja,,
CABL144,,sin caja,,
CABL110,,sin caja,,
CABL111,,sin caja,,
CABL143,,sin caja,,
CABL142,,sin caja,,
CABL073,,sin caja,,
CABL094,,sin caja,,
CABL131,,sin caja,,
CABL125,,sin caja,,
CABL069,,sin caja,,
CABL138,,sin caja,,
CABL092,,sin caja,,
CABL093,,sin caja,,
CABL024,,sin caja,,
CABL032,,sin caja,,
CABL083,,sin caja,,
CABL025,,sin caja,,
CABL026,,sin caja,,
CABL027,,sin caja,,
CABL074,,sin caja,,
CABL068,,sin caja,,
CABL004,,sin caja,,
CABL005,,sin caja,,
CABL063,,sin caja,,
CABL096,,sin caja,,
CABL044,,sin caja,,
CABL046,,sin caja,,
CABL045,,sin caja,,
CABL159,,sin caja,,
CABL158,,sin caja,,
CABL165,,sin caja,,
CABL037,,sin caja,,
CABL033,,sin caja,,
CABL122,,sin caja,,
CABL089,,sin caja,,
CABL099,,sin caja,,
CABL075,,sin caja,,
CABL071,,sin caja,,
CABL048,,sin caja,,
CABL085,,sin caja,,
CABL137,,sin caja,,
CABL145,,sin caja,,
CABL136,,sin caja,,
CABL162,,sin caja,,
CABL129,,sin caja,,
CABL128,,sin caja,,
CABL030,,sin caja,,
CABL166,,sin caja,,
CABL097,,sin caja,,
CABL035,,sin caja,,
CABL141,,sin caja,,
CABL009,,sin caja,,
CABL108,,sin caja,,
CABL107,,sin caja,,
CABL103,,sin caja,,
CABL105,,sin caja,,
CABL106,,sin caja,,
CABL104,,sin caja,,
CABL084,,sin caja,,
CABL052,,sin caja,,
CABL101,,sin caja,,
CABL088,,sin caja,,
CALC003,,sin caja,,
CALC002,,sin caja,,
CALC001,,sin caja,,
CAMA003,,sin caja,,
CAMA002,,sin caja,,
CAMA001,,sin caja,,
CAMA007,,sin caja,,
CAMA008,,sin caja,,
CAMA009,,sin caja,,
CAMA005,,sin caja,,
CAMA010,,sin caja,,
CAND001,,sin caja,,
CAPT002,,sin caja,,
CARG036,,sin caja,,
CARG040,,sin caja,,
CARG053,,sin caja,,
CARG010,,sin caja,,
CARG015,,sin caja,,
CARG054,,sin caja,,
CARG055,,sin caja,,
CARG016,,sin caja,,
CARG033,,sin caja,,
CARG028,,sin caja,,
CARG048,,sin caja,,
CARG049,,sin caja,,
CARG034,,sin caja,,
CARG001,,sin caja,,
CARG046,,sin caja,,
CARG004,,sin caja,,
CARG056,,sin caja,,
CARG057,,sin caja,,
CARG006,,sin caja,,
CARG063,,sin caja,,
CARG007,,sin caja,,
CARG058,,sin caja,,
CARG059,,sin caja,,
CARG050,,sin caja,Publicar exclusivamente el cargador sin caja. Conservar intacta la foto blanca histórica del cargador y empaque como fuente de identificación; no usarla de portada.,
CARG045,,sin caja,,
CARG064,,sin caja,,
CARG025,,sin caja,,
CARG035,,sin caja,,
CARG041,,sin caja,,
CARG042,,sin caja,,
CARG014,,sin caja,,
CARG039,,sin caja,,
CARG051,,sin caja,,
CARG019,,sin caja,,
CARG070,,sin caja,,
CARG047,,sin caja,,
CARG065,,sin caja,,
CARG068,,sin caja,,
CARG038,,sin caja,,
CARG062,,sin caja,,
CARG044,,sin caja,,
CHIP004,,sin caja,,
CHIP001,,sin caja,,
CHIP002,,sin caja,,
CHIP003,,sin caja,,
COBE006,,sin caja,,
COBE002,,sin caja,,
COBE009,,sin caja,,
COBE007,,sin caja,,
COBE001,,sin caja,,
CORR007,,sin caja,,
CORT01,,sin caja,,
CORT03,,sin caja,,
CORT04,,sin caja,,
CORT06,,sin caja,,
CUBO021,,sin caja,,
CUBO018,,sin caja,,
CUBO013,,sin caja,,
CUBO009,,sin caja,,
CUBO008,,sin caja,,
CUBO010,,sin caja,,
CUBO003,,sin caja,,
CUBO016,,sin caja,,
CUBO005,,sin caja,,
CUBO002,,sin caja,,
CUBO015,,sin caja,,
CUBO019,,sin caja,,
CUBO023,,sin caja,,
CUBO024,,sin caja,,
CUBO025,,sin caja,,
CUBO011,,sin caja,,
DEST001,,sin caja,,
JUGU167,,sin caja,,
ESTAB007,,sin caja,,
ESTAB005,,sin caja,,
ESTAB002,,sin caja,,
ESTAB006,,sin caja,,
ESTA002,,sin caja,,
ESTU091,,sin caja,,
ESTU102,,sin caja,,
ESTU009,,sin caja,,
ESTU057,,sin caja,,
ESTU060,,sin caja,,
ESTU065,,sin caja,,
ESTU064,,sin caja,,
ESTU053,,sin caja,,
ESTU059,,sin caja,,
ESTU062,,sin caja,,
ESTU054,,sin caja,,
ESTU055,,sin caja,,
ESTU073,,sin caja,,
ESTU092,,sin caja,,
ESTU022,,sin caja,,
ESTU076,,sin caja,,
ESTU087,,sin caja,,
ESTU078,,sin caja,,
ESTU100,,sin caja,,
ESTU084,,sin caja,,
ESTU086,,sin caja,,
ESTU085,,sin caja,,
ESTU096,,sin caja,,
ESTU094,,sin caja,,
ESTU088,,sin caja,,
ESTU063,,sin caja,,
ESTU066,,sin caja,,
ESTU098,,sin caja,,
ESTU082,,sin caja,,
ESTU079,,sin caja,,
ESTU075,,sin caja,,
ESTU099,,sin caja,,
ESTU090,,sin caja,,
ESTU093,,sin caja,,
ESTU074,,sin caja,,
ESTU089,,sin caja,,
ESTU058,,sin caja,,
ESTU071,,sin caja,,
ESTU068,,sin caja,,
ESTU070,,sin caja,,
ESTU081,,sin caja,,
ESTU072,,sin caja,,
ESTU097,,sin caja,,
ESTU095,,sin caja,,
ESTU083,,sin caja,,
ESTU080,,sin caja,,
ESTU061,,sin caja,,
ESTU067,,sin caja,,
ESTU030,,sin caja,,
ESTU052,,sin caja,,
ESTU051,,sin caja,,
ESTU040,,sin caja,,
ESTU021,,sin caja,,
ESTU026,,sin caja,,
ESTU020,,sin caja,,
ESTU029,,sin caja,,
ESTU035,,sin caja,,
ESTU036,,sin caja,,
ESTU037,,sin caja,,
EXTE003,,sin caja,,
EXTE002,,sin caja,,
FOCO001,,sin caja,,
FOCO002,,sin caja,,
FREI001,,sin caja,,
FUND002,,sin caja,,
FUND005,,sin caja,,
GADG004,,sin caja,,
GADG008,,sin caja,,
GADG001,,sin caja,,
GANC001,,sin caja,,
GRAM004,,sin caja,,
GRAM002,,sin caja,,
GRAM003,,sin caja,,
HUB005,,sin caja,,
HUB017,,sin caja,,
HUB001,,sin caja,,
HUB011,,sin caja,,
HUB008,,sin caja,,
HUB020,,sin caja,,
HUB030,,sin caja,,
HUB015,,sin caja,,
HUB014,,sin caja,,
HUB025,,sin caja,,
HUB022,,sin caja,,
HUB029,,sin caja,,
HUB027,,sin caja,,
HUB010,,sin caja,,
HUB004,,sin caja,,
HUB012,,sin caja,,
HUB006,,sin caja,,
HUB016,,sin caja,,
HUB021,,sin caja,,
HUB028,,sin caja,,
HUB009,,sin caja,,
HUB007,,sin caja,,
HUB026,,sin caja,,
HUB024,,sin caja,,
INVE002,,sin caja,,
JUGU109,,sin caja,,
JUGU115,,sin caja,,
JUGU157,,sin caja,,
JUGU101,,sin caja,,
JUGU050,,sin caja,,
JUGU148,,sin caja,,
JUGU149,,sin caja,,
JUGU105,,sin caja,,
JUGU159,,sin caja,,
JUGU114,,sin caja,,
JUGU153,,sin caja,,
JUGU090,,sin caja,,
JUGU038,,sin caja,,
JUGU103,,sin caja,,
JUGU112,,sin caja,,
JUGU002,,sin caja,,
JUGU108,,sin caja,,
JUGU127,,sin caja,,
JUGU133,,sin caja,,
JUGU040,,sin caja,,
JUGU042,,sin caja,,
JUGU041,,sin caja,,
JUGU089,,sin caja,,
JUGU075,,sin caja,,
JUGU104,,sin caja,,
JUGU110,,sin caja,,
JUGU102,,sin caja,,
JUGU074,,sin caja,,
JUGU085,,sin caja,,
JUGU146,,sin caja,,
JUGU076,,sin caja,,
JUGU059,,sin caja,,
JUGU088,,sin caja,,
JUGU134,,sin caja,,
JUGU093,,sin caja,,
JUGU095,,sin caja,,
JUGU116,,sin caja,,
JUGU094,,sin caja,,
JUGU091,,sin caja,,
JUGU081,,sin caja,,
JUGU096,,sin caja,,
JUGU072,,sin caja,,
JUGU045,,sin caja,,
JUGU049,,sin caja,,
JUGU077,,sin caja,,
JUGU135,,sin caja,,
JUGU082,,sin caja,,
JUGU084,,sin caja,,
JUGU036,,sin caja,,
JUGU037,,sin caja,,
JUGU152,,sin caja,,
JUGU005,,sin caja,,
JUGU160,,sin caja,,
JUGU065,,sin caja,,
JUGU113,,sin caja,,
JUGU161,,sin caja,,
JUGU058,,sin caja,,
JUGU154,,sin caja,,
JUGU143,,sin caja,,
JUGU165,,sin caja,,
JUGU123,,sin caja,,
JUGU122,,sin caja,,
JUGU023,,sin caja,,
JUGU021,,sin caja,,
JUGU014,,sin caja,,
JUGU012,,sin caja,,
JUGU020,,sin caja,,
JUGU121,,sin caja,,
JUGU015,,sin caja,,
JUGU131,,sin caja,,
JUGU130,,sin caja,,
JUGU067,,sin caja,,
JUGU017,,sin caja,,
JUGU022,,sin caja,,
JUGU027,,sin caja,,
JUGU125,,sin caja,,
JUGU018,,sin caja,,
JUGU013,,sin caja,,
JUGU126,,sin caja,,
JUGU031,,sin caja,,
JUGU061,,sin caja,,
JUGU119,,sin caja,,
JUGU140,,sin caja,,
JUGU150,,sin caja,,
JUGU048,,sin caja,,
JUGU120,,sin caja,,
JUGU087,,sin caja,,
JUGU136,,sin caja,,
JUGU079,,sin caja,,
JUGU106,,sin caja,,
JUGU051,,sin caja,,
JUGU007,,sin caja,,
JUGU068,,sin caja,,
JUGU030,,sin caja,,
JUGU156,,sin caja,,
JUGU009,,sin caja,,
JUGU128,,sin caja,,
JUGU099,,sin caja,,
JUGU098,,sin caja,,
JUGU063,,sin caja,,
JUGU062,,sin caja,,
JUGU100,,sin caja,,
JUGU147,,sin caja,,
JUGU025,,sin caja,,
JUGU155,,sin caja,,
JUGU057,,sin caja,,
JUGU070,,sin caja,,
JUGU069,,sin caja,,
JUGU164,,sin caja,,
JUGU145,,sin caja,,
JUGU163,,sin caja,,
JUGU162,,sin caja,,
JUGU158,,sin caja,,
JUGU142,,sin caja,,
JUGU138,,sin caja,,
JUGU139,,sin caja,,
JUGU137,,sin caja,,
JUGU124,,sin caja,,
JUGU151,,sin caja,,
KIT003,,sin caja,,
LED003,,sin caja,,
LED002,,sin caja,,
LAMP003,,sin caja,,
LAMP002,,sin caja,,
LAMP001,,sin caja,,
LASE002,,sin caja,,
LASE001,,sin caja,,
LASE004,,sin caja,,
LECT004,,sin caja,,
LECT005,,sin caja,,
LINT007,,sin caja,,
LINT008,,sin caja,,
LINT009,,sin caja,,
LINT010,,sin caja,,
LINT001,,sin caja,,
LINT005,,sin caja,,
MICA015,,sin caja,,
MICA017,,sin caja,,
MICR02,,sin caja,,
MICR20,,sin caja,,
MICR06,,sin caja,,
MICR21,,sin caja,,
MICR32,,sin caja,,
MICR33,,sin caja,,
MICR13,,sin caja,,
MICR03,,sin caja,,
MICR14,,sin caja,,
MICR09,,sin caja,,
MICR34,,sin caja,,
MICR12,,sin caja,,
MICR30,,sin caja,,
MICR27,,sin caja,,
MICR36,,sin caja,,
MICR10,,sin caja,,
MICR35,,sin caja,,
MICR28,,sin caja,,
MICR23,,sin caja,,
MICR08,,sin caja,,
MICR24,,sin caja,,
MICR25,,sin caja,,
MOUS001,,sin caja,,
MOUS030,,sin caja,,
MOUS014,,sin caja,,
MOUS021,,sin caja,,
MOUS045,,sin caja,,
MOUS025,,sin caja,,
MOUS035,,sin caja,,
MOUS003,,sin caja,,
MOUS007,,sin caja,,
MOUS005,,sin caja,,
MOUS020,,sin caja,,
MOUS031,,sin caja,,
MOUS043,,sin caja,,
MOUS011,,sin caja,,
MOUS022,,sin caja,,
MOUS010,,sin caja,,
MOUS013,,sin caja,,
MOUS016,,sin caja,,
MOUS026,,sin caja,,
MOUS027,,sin caja,,
MOUS041,,sin caja,,
MOUS036,,sin caja,,
MOUS037,,sin caja,,
MOUS039,,sin caja,,
MOUS040,,sin caja,,
MOUS018,,sin caja,,
MOUS032,,sin caja,,
MOUS017,,sin caja,,
MOUS009,,sin caja,,
PADM004,,sin caja,,
PADM006,,sin caja,,
PADM001,,sin caja,,
PADM002,,sin caja,,
PALA001,,sin caja,,
PANE003,,sin caja,,
PANE002,,sin caja,,
PILA053,,sin caja,,
PILA068,,sin caja,,
PILA041,,sin caja,,
PILA073,,sin caja,,
PILA014,,sin caja,,
PILA015,,sin caja,,
PILA016,,sin caja,,
PILA018,,sin caja,,
PILA034,,sin caja,,
PILA051,,sin caja,,
PILA032,,sin caja,,
PILA061,,sin caja,,
PILA058,,sin caja,,
PILA001,,sin caja,,
PILA003,,sin caja,,
PILA004,,sin caja,,
PILA023,,sin caja,,
PILA028,,sin caja,,
PILA039,,sin caja,,
PILA067,,sin caja,,
PILA005,,sin caja,,
PILA031,,sin caja,,
PILA070,,sin caja,,
PILA030,,sin caja,,
PILA007,,sin caja,,
PILA046,,sin caja,,
PILA043,,sin caja,,
PILA047,,sin caja,,
POP001,,sin caja,,
POWE004,,sin caja,,
POWE010,,sin caja,,
POWE008,,sin caja,,
POWE013,,sin caja,,
POWE014,,sin caja,,
POWE001,,sin caja,,
POWE019,,sin caja,,
POWE016,,sin caja,,
POWE003,,sin caja,,
POWE017,,sin caja,,
POWE015,,sin caja,,
POWE018,,sin caja,,
PRES003,,sin caja,,
PRES001,,sin caja,,
PRES002,,sin caja,,
PROT006,,sin caja,,
PROT005,,sin caja,,
PROT002,,sin caja,,
PROT004,,sin caja,,
PROY006,,sin caja,,
PROY001,,sin caja,,
PROY007,,sin caja,,
RADI008,,sin caja,,
RADI004,,sin caja,,
RADI006,,sin caja,,
RADI007,,sin caja,,
RADI005,,sin caja,,
REL045,,sin caja,,
REL047,,sin caja,,
REL001,,sin caja,,
REL015,,sin caja,,
REL042,,sin caja,,
REL028,,sin caja,,
REL056,,sin caja,,
REPR002,,sin caja,,
REPR001,,sin caja,,
SENS001,,sin caja,,
ROUT001,,sin caja,,
ROUT002,,sin caja,,
SOPO043,,sin caja,,
SOPO051,,sin caja,,
SOPO054,,sin caja,,
SOPO022,,sin caja,,
SOPO059,,sin caja,,
SOPO020,,sin caja,,
SOPO052,,sin caja,,
SOPO017,,sin caja,,
SOPO040,,sin caja,,
SOPO041,,sin caja,,
SOPO028,,sin caja,,
SOPO027,,sin caja,,
SOPO019,,sin caja,,
SOPO061,,sin caja,,
SOPO037,,sin caja,,
SOPO001,,sin caja,,
SOPO058,,sin caja,,
SOPO031,,sin caja,,
SOPO030,,sin caja,,
SOPO005,,sin caja,,
SOPO015,,sin caja,,
SOPO050,,sin caja,,
SOPO032,,sin caja,,
SOPO025,,sin caja,,
SOPO053,,sin caja,,
SOPO056,,sin caja,,
SOPO006,,sin caja,,
SOPO045,,sin caja,,
SOPO029,,sin caja,,
SOPO002,,sin caja,,
SOPO014,,sin caja,,
SOPO036,,sin caja,,
SOPO057,,sin caja,,
STYL003,,sin caja,,
STYL001,,sin caja,,
STYL004,,sin caja,,
STYL002,,sin caja,,
STYL006,,sin caja,,
SWIT001,,sin caja,,
SWIT002,,sin caja,,
TECL030,,sin caja,,
TECL029,,sin caja,,
TECL028,,sin caja,,
TECL001,,sin caja,,
TECL015,,sin caja,,
TECL014,,sin caja,,
TECL011,,sin caja,,
TECL010,,sin caja,,
TECL023,,sin caja,,
TECL032,,sin caja,,
TECL027,,sin caja,,
TECL021,,sin caja,,
TECL018,,sin caja,,
TECL019,,sin caja,,
TECL016,,sin caja,,
TECL017,,sin caja,,
TECL005,,sin caja,,
TECL013,,sin caja,,
TECL033,,sin caja,,
TECL031,,sin caja,,
TECL025,,sin caja,,
TECL022,,sin caja,,
TECL002,,sin caja,,
TECL004,,sin caja,,
TELE002,,sin caja,,
TIMB001,,sin caja,,
TOMA001,,sin caja,,
TRIP018,,sin caja,,
TRIP017,,sin caja,,
TRIP002,,sin caja,,
TRIP011,,sin caja,,
TRIP020,,sin caja,,
TRIP022,,sin caja,,
TRIP019,,sin caja,,
TRIP025,,sin caja,,
TRIP021,,sin caja,,
TRIP010,,sin caja,,
TRIP015,,sin caja,,
TRIP023,,sin caja,,
TRIP013,,sin caja,,
TRIP012,,sin caja,,
TRIP016,,sin caja,,
UPS001,,sin caja,,
UPS002,,sin caja,,
VENT001,,sin caja,,
VENT008,,sin caja,,
VENT003,,sin caja,,
VENT006,,sin caja,,
VENT009,,sin caja,,
WEBC003,,sin caja,,
WEBC001,,sin caja,,
WEBC004,,sin caja,,
WEBC002,,sin caja,,
ADAP095,,sin caja,,
ADAP096,,sin caja,,
ADAP092,,sin caja,,
ADAP091,,sin caja,,
ADAP090,,sin caja,,
ADAP088,,sin caja,,
ADAP093,,sin caja,,
ADAP094,,sin caja,,
AROD03,,sin caja,,
AUDI112,,sin caja,,
AUDI109,,sin caja,,
AUDI111,,sin caja,,
CABL170,,sin caja,,
CABL171,,sin caja,,
CABL148,,sin caja,,
CABL149,,sin caja,,
CABL150,,sin caja,,
CABL153,,sin caja,,
CABL157,,sin caja,,
CABL156,,sin caja,,
CABL152,,sin caja,,
CABL154,,sin caja,,
CABL155,,sin caja,,
CABL151,,sin caja,,
CABL160,,sin caja,,
CARG069,,sin caja,,
CARG067,,sin caja,,
COBE010,,sin caja,,
CORR10,,sin caja,,
ESTU101,,sin caja,,
ESTU049,,sin caja,,
ESTU044,,sin caja,,
FOCO004,,sin caja,,
GADG005,,sin caja,,
GADG006,,sin caja,,
GADG007,,sin caja,,
IMAN001,,sin caja,,
JUGU168,,sin caja,,
LINT011,,sin caja,,
MICA008,,sin caja,,
MICR037,,sin caja,,
MOCH001,,sin caja,,
TABL003,,sin caja,,
TELF016,,sin caja,,
